<?xml version="1.0" encoding="UTF-8"?>
<LightningComponentBundle xmlns="http://soap.sforce.com/2006/04/metadata">
    <apiVersion>47.0</apiVersion>
    <description>Mass Custom Update</description>
    <isExposed>true</isExposed>
    <masterLabel>Mass Custom Update</masterLabel>
    <targets>
        <target>lightning__Tab</target>
        <target>lightning__AppPage</target>
        <target>lightning__HomePage</target>
        <target>lightning__RecordPage</target>
        <target>lightningCommunity__Page</target>
        <target>lightningCommunity__Default</target>
    </targets>
    <targetConfigs>
        <targetConfig targets="lightning__RecordPage, lightningCommunity__Default, lightning__HomePage, lightning__AppPage">
            <property name="objectName" type="String" default="Milestone__c"/>
            <property name="snapshotObjName" type="String" default="Milestone__c"/>
            <property name="isChildQuery" type="Boolean" default="false"/>
            <property name="showFilter" type="Boolean" default="false"/>
            <property name="showPagination" type="Boolean" default="false"/>
            <property name="recordsPerPage" type="Integer" default="100"/>
            <property name="overrideColumns" type="Boolean" default="false"/>
            <property name="overriddenColumns" type="String" default=""/>
            <property name="parentFieldName" type="String" default=""/>
            <property name="searchField" type="String" default="Name"/>
             <property name="searchFieldLabel" type="String" default=""/>
            <property name="showSearch" type="boolean" default="false"/>
            <property name="showValidatedButton" type="boolean" default="false"/>
            <property name="showClonedButton" type="boolean" default="false"/>
            <property name="showAttachmentButton" type="boolean" default="false"/>
            <property name="pageOnCommunity" type="boolean" default="false"/>
            <property name="heightInPixel" type="String" default="calc(100vh - 192px)"/>
            <property name="showLookupCreateOption" type="boolean" default="true"/>  
            <property name="showLookupWithoutCreateOption" type="boolean" default="false"/>   
            <property name="filter" type="String" default=""/>  
            <property name="filterFieldsByRecordType" type="String" default=""/>
            <property name="showClosedButton" type="boolean" default="false"/>                    
        </targetConfig>
    </targetConfigs>
</LightningComponentBundle>