<?xml version="1.0" encoding="UTF-8"?>

<LightningComponentBundle xmlns="http://soap.sforce.com/2006/04/metadata">
    
    <apiVersion>47.0</apiVersion>
    
    <description>Mass Update Child</description>
    
    <isExposed>true</isExposed>
    
    <masterLabel>Mass Update Child</masterLabel>
    
    <targets>
        
        <target>lightning__Tab</target>
        
        <target>lightning__AppPage</target>
        
        <target>lightning__HomePage</target>
        
        <target>lightning__RecordPage</target>
        
        <target>lightningCommunity__Page</target>
        
        <target>lightningCommunity__Default</target>
        
    </targets>
    
</LightningComponentBundle>